{"loss": [1.0164932012557983, 0.7830188274383545, 0.6440265774726868, 0.568340003490448, 0.4935503900051117, 0.44585317373275757, 0.3984571695327759, 0.3757055103778839, 0.342442125082016, 0.31572505831718445, 0.30122101306915283, 0.29522281885147095, 0.2721591591835022, 0.2815612554550171, 0.2550036907196045, 0.2557249665260315, 0.2486800104379654, 0.2315196692943573, 0.25055375695228577, 0.2274528592824936, 0.22247163951396942, 0.21681331098079681, 0.21025274693965912, 0.20954832434654236, 0.21142533421516418, 0.19680581986904144, 0.19869019091129303, 0.19063110649585724, 0.18983174860477448, 0.17324991524219513, 0.18404455482959747, 0.17907311022281647, 0.18476882576942444, 0.17226555943489075, 0.17126575112342834, 0.16853410005569458, 0.16533663868904114, 0.16402678191661835, 0.16261954605579376, 0.1632227748632431, 0.1701008379459381, 0.16350233554840088, 0.16418470442295074, 0.15796315670013428, 0.15132690966129303, 0.1586214005947113, 0.15051740407943726, 0.14411507546901703, 0.14535681903362274, 0.15138201415538788, 0.14635248482227325, 0.14969031512737274, 0.1392318159341812, 0.13524052500724792, 0.1431790143251419, 0.13272395730018616, 0.13376322388648987, 0.1413498818874359, 0.12714563310146332, 0.13169875741004944, 0.13981583714485168, 0.12176107615232468, 0.13065581023693085, 0.13493835926055908, 0.12557166814804077, 0.12962161004543304, 0.11664702743291855, 0.11860426515340805, 0.12932604551315308, 0.12651550769805908, 0.13153347373008728, 0.12203662097454071, 0.12739907205104828, 0.12023767083883286, 0.12320693582296371, 0.12590107321739197, 0.11638233065605164, 0.12049098312854767, 0.10626058280467987, 0.11474286019802094, 0.11944723129272461, 0.11403980851173401, 0.11726302653551102, 0.10513418167829514, 0.12399882823228836, 0.10792414844036102, 0.1170332282781601, 0.1138153225183487, 0.11742391437292099, 0.10989093035459518, 0.10718835145235062, 0.1017790138721466, 0.10425472259521484, 0.116361103951931, 0.10876347869634628], "accuracy": [0.4601916968822479, 0.6616784334182739, 0.7427621483802795, 0.7816901206970215, 0.8118153214454651, 0.8326486945152283, 0.8525038957595825, 0.8623826503753662, 0.8715766668319702, 0.8827269077301025, 0.8868349194526672, 0.8897691965103149, 0.8983763456344604, 0.8973004817962646, 0.9062988758087158, 0.9030712246894836, 0.9085485339164734, 0.9169601202011108, 0.9085485339164734, 0.9158841967582703, 0.9196987748146057, 0.9214593172073364, 0.92341548204422, 0.9232198596000671, 0.9241001605987549, 0.9265453815460205, 0.9264475703239441, 0.9306533932685852, 0.9320226907730103, 0.9340766668319702, 0.9301643371582031, 0.9330986142158508, 0.9322183132171631, 0.9374021887779236, 0.9380868673324585, 0.9382824897766113, 0.941216766834259, 0.9413145780563354, 0.93955397605896, 0.9402386546134949, 0.93955397605896, 0.9402386546134949, 0.9393583536148071, 0.942097008228302, 0.9427816867828369, 0.9430751204490662, 0.9437597990036011, 0.9473786950111389, 0.9471830725669861, 0.9449334740638733, 0.9467918872833252, 0.9463028311729431, 0.9488458633422852, 0.9508020281791687, 0.9476721286773682, 0.9531494379043579, 0.9532472491264343, 0.9483568072319031, 0.9546166062355042, 0.9489436745643616, 0.9505085945129395, 0.9556924700737, 0.9512910842895508, 0.9512910842895508, 0.9523670077323914, 0.9535406827926636, 0.9553990364074707, 0.9558880925178528, 0.9534428715705872, 0.9551056623458862, 0.95363849401474, 0.954812228679657, 0.9530516266822815, 0.9578443169593811, 0.95363849401474, 0.9541275501251221, 0.9580398797988892, 0.9580398797988892, 0.9613654017448425, 0.9581376910209656, 0.9560837149620056, 0.9574530720710754, 0.9589201807975769, 0.961952269077301, 0.9558880925178528, 0.9616588354110718, 0.9588223695755005, 0.9592136144638062, 0.9581376910209656, 0.961952269077301, 0.961952269077301, 0.9618544578552246, 0.9626369476318359, 0.9584311246871948, 0.9608763456344604], "val_loss": [0.8407405018806458, 0.641837477684021, 0.501396894454956, 0.4247877299785614, 0.39112529158592224, 0.35437580943107605, 0.3374563753604889, 0.29533833265304565, 0.2952577769756317, 0.3586158752441406, 0.2858959436416626, 0.2984146475791931, 0.23306702077388763, 0.2376532405614853, 0.23847728967666626, 0.24368180334568024, 0.24006974697113037, 0.4684486389160156, 0.21222738921642303, 0.20684874057769775, 0.23486146330833435, 0.2025977373123169, 0.21492187678813934, 0.19086404144763947, 0.2120273858308792, 0.24964986741542816, 0.2672078311443329, 0.1996336579322815, 0.24739685654640198, 0.2602119445800781, 0.19774948060512543, 0.17220130562782288, 0.18392013013362885, 0.21157440543174744, 0.1660238802433014, 0.20115458965301514, 0.21965278685092926, 0.1883266270160675, 0.19850434362888336, 0.19983702898025513, 0.1995658576488495, 0.161863774061203, 0.1946978121995926, 0.21537815034389496, 0.1831524521112442, 0.2139965295791626, 0.18978251516819, 0.1794581115245819, 0.21281316876411438, 0.21276900172233582, 0.17141829431056976, 0.2062956690788269, 0.1710914671421051, 0.25401952862739563, 0.17588815093040466, 0.16663995385169983, 0.16927115619182587, 0.15926775336265564, 0.15972505509853363, 0.17495985329151154, 0.1550290584564209, 0.1771458089351654, 0.16287578642368317, 0.1933041214942932, 0.1537517011165619, 0.1896003782749176, 0.21958787739276886, 0.1890145242214203, 0.1694481372833252, 0.16556619107723236, 0.16103829443454742, 0.17818637192249298, 0.1569281369447708, 0.1855403631925583, 0.21825601160526276, 0.18379104137420654, 0.1756613701581955, 0.3117949664592743, 0.22188982367515564, 0.20618154108524323, 0.20984625816345215, 0.19692403078079224, 0.20528331398963928, 0.2306491583585739, 0.13433222472667694, 0.2145071178674698, 0.18795576691627502, 0.20300620794296265, 0.17382438480854034, 0.17334771156311035, 0.15771599113941193, 0.19689616560935974, 0.21235287189483643, 0.23225080966949463, 0.21091006696224213], "val_accuracy": [0.6162881851196289, 0.7345340847969055, 0.8065779209136963, 0.8347690105438232, 0.8566953539848328, 0.8668754696846008, 0.8794048428535461, 0.8958496451377869, 0.888018786907196, 0.8660923838615417, 0.897415816783905, 0.8903680443763733, 0.9107282757759094, 0.9099451899528503, 0.9091621041297913, 0.9052466750144958, 0.9115113615989685, 0.8410336971282959, 0.9193422198295593, 0.9271730780601501, 0.9201253056526184, 0.9271730780601501, 0.9216914772987366, 0.925606906414032, 0.9240407347679138, 0.9154267907142639, 0.8989819884300232, 0.9295223355293274, 0.9036805033683777, 0.9052466750144958, 0.9271730780601501, 0.9318715929985046, 0.9310885071754456, 0.9279561638832092, 0.9357870221138, 0.9232576489448547, 0.9146437048912048, 0.9295223355293274, 0.925606906414032, 0.9295223355293274, 0.9326546788215637, 0.9381362795829773, 0.9279561638832092, 0.9240407347679138, 0.9334377646446228, 0.925606906414032, 0.9389193654060364, 0.9365701079368591, 0.9287392497062683, 0.9248238205909729, 0.9365701079368591, 0.9248238205909729, 0.9428347945213318, 0.9279561638832092, 0.935003936290741, 0.935003936290741, 0.9357870221138, 0.9436178803443909, 0.9428347945213318, 0.9404855370521545, 0.9428347945213318, 0.9373531937599182, 0.9397024512290955, 0.9318715929985046, 0.9381362795829773, 0.9201253056526184, 0.9248238205909729, 0.9397024512290955, 0.9467502236366272, 0.9412686228752136, 0.9389193654060364, 0.945184051990509, 0.9420517086982727, 0.9389193654060364, 0.9295223355293274, 0.9420517086982727, 0.9459671378135681, 0.9060297608375549, 0.9365701079368591, 0.9334377646446228, 0.945184051990509, 0.9381362795829773, 0.9248238205909729, 0.9271730780601501, 0.952231764793396, 0.9357870221138, 0.935003936290741, 0.9428347945213318, 0.9412686228752136, 0.9436178803443909, 0.9404855370521545, 0.9287392497062683, 0.9389193654060364, 0.9310885071754456, 0.9459671378135681]}